{
  "mae": 0.03317695862092078,
  "r2": 0.9655366680016457
}